[
    {
        "image": "North_Indian_4.jpeg",
        "path": "north-indian"
    },
    {
        "image": "Pizza.jpeg",
        "path": "pizza"
    },
    {
        "image": "Noodles.jpeg",
        "path": "noodles"
    },
    {
        "image": "Pasta.jpeg",
        "path": "pasta"
    },
    {
        "image": "Paratha.jpeg",
        "path": "paratha"
    },
    {
        "image": "Biryani_2.jpeg",
        "path": "biryani"
    },
    {
        "image": "Burger.jpeg",
        "path": "burger"
    },
    {
        "image": "Cakes.jpeg",
        "path": "cakes"
    },
    {
        "image": "Chinese.jpeg",
        "path": "chinese"
    },
    {
        "image": "Chole_Bature.jpeg",
        "path": "chole-bature"
    },
    {
        "image": "Dosa.jpeg",
        "path": "dost"
    },
    {
        "image": "Gulab_Jamun.jpeg",
        "path": "gulab-jamun"
    },
    {
        "image": "Ice_Creams.jpeg",
        "path": "ice-creams"
    },
    {
        "image": "Idli.jpeg",
        "path": "idli"
    },
    {
        "image": "Khichdi.jpeg",
        "path": "khichdi"
    },
    {
        "image": "Poori.jpeg",
        "path": "poori"
    },
    {
        "image": "Pure_Veg.jpeg",
        "path": "pure-veg"
    },
    {
        "image": "Rolls.jpeg",
        "path": "rolls"
    },
    {
        "image": "Salad.jpeg",
        "path": "salad"
    },
    {
        "image": "South_Indian_4.jpeg",
        "path": "south-indian"
    }
]